NUMLINK,ResourceID,LASTUPDATE,UPD_BY,ENTRYDATE,ENTER_BY
710074,710074,2022-08-08,DWT,2022-08-08,DWT
710075,710075,2022-08-08,DWT,2022-08-08,DWT
710076,710076,2022-08-08,DWT,2022-08-08,DWT
710077,710077,2022-08-08,DWT,2022-08-08,DWT
710078,710078,2022-08-08,DWT,2022-08-08,DWT
710079,710079,2022-08-08,DWT,2022-08-08,DWT
710080,710080,2022-08-08,DWT,2022-08-08,DWT
710081,710081,2022-08-08,DWT,2022-08-08,DWT
710082,710082,2022-08-08,DWT,2022-08-08,DWT
710083,710083,2022-08-08,DWT,2022-08-08,DWT
710084,710084,2022-08-08,DWT,2022-08-08,DWT
710085,710085,2022-08-08,DWT,2022-08-08,DWT
710086,710086,2022-08-08,DWT,2022-08-08,DWT
710087,710087,2022-08-08,DWT,2022-08-08,DWT
710088,710088,2022-08-08,DWT,2022-08-08,DWT
710089,710089,2022-08-08,DWT,2022-08-08,DWT
710090,710090,2022-08-08,DWT,2022-08-08,DWT
710091,710091,2022-08-08,DWT,2022-08-08,DWT
710092,710092,2022-08-08,DWT,2022-08-08,DWT
710093,710093,2022-08-08,DWT,2022-08-08,DWT
710094,710094,2022-08-08,DWT,2022-08-08,DWT
710095,710095,2022-08-08,DWT,2022-08-08,DWT
710096,710096,2022-08-08,DWT,2022-08-08,DWT
710097,710097,2022-08-08,DWT,2022-08-08,DWT
710098,710098,2022-08-08,DWT,2022-08-08,DWT
710099,710099,2022-08-08,DWT,2022-08-08,DWT
710100,710100,2022-08-08,DWT,2022-08-08,DWT
710101,710101,2022-08-08,DWT,2022-08-08,DWT
710102,710102,2022-08-08,DWT,2022-08-08,DWT
710103,710103,2022-08-08,DWT,2022-08-08,DWT
710104,710104,2022-08-08,DWT,2022-08-08,DWT
710105,710105,2022-08-08,DWT,2022-08-08,DWT
710106,710106,2022-08-08,DWT,2022-08-08,DWT
710107,710107,2022-08-08,DWT,2022-08-08,DWT
710108,710108,2022-08-08,DWT,2022-08-08,DWT
710109,710109,2022-08-08,DWT,2022-08-08,DWT
710110,710110,2022-08-08,DWT,2022-08-08,DWT
710111,710111,2022-08-08,DWT,2022-08-08,DWT
710112,710112,2022-08-08,DWT,2022-08-08,DWT
710113,710113,2022-08-08,DWT,2022-08-08,DWT
710114,710114,2022-08-08,DWT,2022-08-08,DWT
710115,710115,2022-08-08,DWT,2022-08-08,DWT
710116,710116,2022-08-08,DWT,2022-08-08,DWT
710117,710117,2022-08-08,DWT,2022-08-08,DWT
710118,710118,2022-08-08,DWT,2022-08-08,DWT
710119,710119,2022-08-08,DWT,2022-08-08,DWT
710120,710120,2022-08-08,DWT,2022-08-08,DWT
710121,710121,2022-08-08,DWT,2022-08-08,DWT
710122,710122,2022-08-08,DWT,2022-08-08,DWT
710123,710123,2022-08-08,DWT,2022-08-08,DWT
710124,710124,2022-08-08,DWT,2022-08-08,DWT
710125,710125,2022-08-08,DWT,2022-08-08,DWT
710126,710126,2022-08-08,DWT,2022-08-08,DWT
710127,710127,2022-08-08,DWT,2022-08-08,DWT
710128,710128,2022-08-08,DWT,2022-08-08,DWT
710129,710129,2022-08-08,DWT,2022-08-08,DWT
710130,710130,2022-08-08,DWT,2022-08-08,DWT
710131,710131,2022-08-08,DWT,2022-08-08,DWT
710132,710132,2022-08-08,DWT,2022-08-08,DWT
710133,710133,2022-08-08,DWT,2022-08-08,DWT
710134,710134,2022-08-08,DWT,2022-08-08,DWT
710135,710135,2022-08-08,DWT,2022-08-08,DWT
710136,710136,2022-08-08,DWT,2022-08-08,DWT
710137,710137,2022-08-08,DWT,2022-08-08,DWT
710138,710138,2022-08-08,DWT,2022-08-08,DWT
710139,710139,2022-08-08,DWT,2022-08-08,DWT
710140,710140,2022-08-08,DWT,2022-08-08,DWT
710141,710141,2022-08-08,DWT,2022-08-08,DWT
710142,710142,2022-08-08,DWT,2022-08-08,DWT
710143,710143,2022-08-08,DWT,2022-08-08,DWT
710144,710144,2022-08-08,DWT,2022-08-08,DWT
710145,710145,2022-08-08,DWT,2022-08-08,DWT
710146,710146,2022-08-08,DWT,2022-08-08,DWT
710147,710147,2022-08-08,DWT,2022-08-08,DWT
710148,710148,2022-08-08,DWT,2022-08-08,DWT
710149,710149,2022-08-08,DWT,2022-08-08,DWT
710150,710150,2022-08-08,DWT,2022-08-08,DWT
710151,710151,2022-08-08,DWT,2022-08-08,DWT
710152,710152,2022-08-08,DWT,2022-08-08,DWT
710153,710153,2022-08-08,DWT,2022-08-08,DWT
710154,710154,2022-08-08,DWT,2022-08-08,DWT
710155,710155,2022-08-08,DWT,2022-08-08,DWT
710156,710156,2022-08-08,DWT,2022-08-08,DWT
710157,710157,2022-08-08,DWT,2022-08-08,DWT
710158,710158,2022-08-08,DWT,2022-08-08,DWT
710159,710159,2022-08-08,DWT,2022-08-08,DWT
710160,710160,2022-08-08,DWT,2022-08-08,DWT
710161,710161,2022-08-08,DWT,2022-08-08,DWT
710162,710162,2022-08-08,DWT,2022-08-08,DWT
710163,710163,2022-08-08,DWT,2022-08-08,DWT
710164,710164,2022-08-08,DWT,2022-08-08,DWT
710165,710165,2022-08-08,DWT,2022-08-08,DWT
710166,710166,2022-08-08,DWT,2022-08-08,DWT
710167,710167,2022-08-08,DWT,2022-08-08,DWT
710168,710168,2022-08-08,DWT,2022-08-08,DWT
710169,710169,2022-08-08,DWT,2022-08-08,DWT
710170,710170,2022-08-08,DWT,2022-08-08,DWT
710171,710171,2022-08-08,DWT,2022-08-08,DWT
710172,710172,2022-08-08,DWT,2022-08-08,DWT
710173,710173,2022-08-08,DWT,2022-08-08,DWT
710174,710174,2022-08-08,DWT,2022-08-08,DWT
710175,710175,2022-08-08,DWT,2022-08-08,DWT
710176,710176,2022-08-08,DWT,2022-08-08,DWT
710177,710177,2022-08-08,DWT,2022-08-08,DWT
710178,710178,2022-08-08,DWT,2022-08-08,DWT
710179,710179,2022-08-08,DWT,2022-08-08,DWT
710180,710180,2022-08-08,DWT,2022-08-08,DWT
710181,710181,2022-08-08,DWT,2022-08-08,DWT
710182,710182,2022-08-08,DWT,2022-08-08,DWT
710183,710183,2022-08-08,DWT,2022-08-08,DWT
710184,710184,2022-08-08,DWT,2022-08-08,DWT
710185,710185,2022-08-08,DWT,2022-08-08,DWT
710186,710186,2022-08-08,DWT,2022-08-08,DWT
710187,710187,2022-08-08,DWT,2022-08-08,DWT
710188,710188,2022-08-08,DWT,2022-08-08,DWT
710189,710189,2022-08-08,DWT,2022-08-08,DWT
710190,710190,2022-08-08,DWT,2022-08-08,DWT
710191,710191,2022-08-08,DWT,2022-08-08,DWT
710192,710192,2022-08-08,DWT,2022-08-08,DWT
710193,710193,2022-08-08,DWT,2022-08-08,DWT
710194,710194,2022-08-08,DWT,2022-08-08,DWT
710195,710195,2022-08-08,DWT,2022-08-08,DWT
710196,710196,2022-08-08,DWT,2022-08-08,DWT
710197,710197,2022-08-08,DWT,2022-08-08,DWT
710198,710198,2022-08-08,DWT,2022-08-08,DWT
710199,710199,2022-08-08,DWT,2022-08-08,DWT
710200,710200,2022-08-08,DWT,2022-08-08,DWT
710201,710201,2022-08-08,DWT,2022-08-08,DWT
710202,710202,2022-08-08,DWT,2022-08-08,DWT
710203,710203,2022-08-08,DWT,2022-08-08,DWT
710204,710204,2022-08-08,DWT,2022-08-08,DWT
710205,710205,2022-08-08,DWT,2022-08-08,DWT
710206,710206,2022-08-08,DWT,2022-08-08,DWT
710207,710207,2022-08-08,DWT,2022-08-08,DWT
710208,710208,2022-08-08,DWT,2022-08-08,DWT
710209,710209,2022-08-08,DWT,2022-08-08,DWT
710210,710210,2022-08-08,DWT,2022-08-08,DWT
710211,710211,2022-08-08,DWT,2022-08-08,DWT
710212,710212,2022-08-08,DWT,2022-08-08,DWT
710213,710213,2022-08-08,DWT,2022-08-08,DWT
710214,710214,2022-08-08,DWT,2022-08-08,DWT
710215,710215,2022-08-08,DWT,2022-08-08,DWT
710216,710216,2022-08-08,DWT,2022-08-08,DWT
710217,710217,2022-08-08,DWT,2022-08-08,DWT
710218,710218,2022-08-08,DWT,2022-08-08,DWT
710219,710219,2022-08-08,DWT,2022-08-08,DWT
710220,710220,2022-08-08,DWT,2022-08-08,DWT
710221,710221,2022-08-08,DWT,2022-08-08,DWT
710222,710222,2022-08-08,DWT,2022-08-08,DWT
710223,710223,2022-08-08,DWT,2022-08-08,DWT
710224,710224,2022-08-08,DWT,2022-08-08,DWT
710225,710225,2022-08-08,DWT,2022-08-08,DWT
710226,710226,2022-08-08,DWT,2022-08-08,DWT
710227,710227,2022-08-08,DWT,2022-08-08,DWT
710228,710228,2022-08-08,DWT,2022-08-08,DWT
710229,710229,2022-08-08,DWT,2022-08-08,DWT
710230,710230,2022-08-08,DWT,2022-08-08,DWT
710231,710231,2022-08-08,DWT,2022-08-08,DWT
710232,710232,2022-08-08,DWT,2022-08-08,DWT
710233,710233,2022-08-08,DWT,2022-08-08,DWT
710234,710234,2022-08-08,DWT,2022-08-08,DWT
710235,710235,2022-08-08,DWT,2022-08-08,DWT
710236,710236,2022-08-08,DWT,2022-08-08,DWT
710237,710237,2022-08-08,DWT,2022-08-08,DWT
710238,710238,2022-08-08,DWT,2022-08-08,DWT
710239,710239,2022-08-08,DWT,2022-08-08,DWT
710240,710240,2022-08-08,DWT,2022-08-08,DWT
710241,710241,2022-08-08,DWT,2022-08-08,DWT
710242,710242,2022-08-08,DWT,2022-08-08,DWT
710243,710243,2022-08-08,DWT,2022-08-08,DWT
710244,710244,2022-08-08,DWT,2022-08-08,DWT
710245,710245,2022-08-08,DWT,2022-08-08,DWT
710246,710246,2022-08-08,DWT,2022-08-08,DWT
710247,710247,2022-08-08,DWT,2022-08-08,DWT
710248,710248,2022-08-08,DWT,2022-08-08,DWT
710249,710249,2022-08-08,DWT,2022-08-08,DWT
710250,710250,2022-08-08,DWT,2022-08-08,DWT
710251,710251,2022-08-08,DWT,2022-08-08,DWT
710252,710252,2022-08-08,DWT,2022-08-08,DWT
710253,710253,2022-08-08,DWT,2022-08-08,DWT
710254,710254,2022-08-08,DWT,2022-08-08,DWT
710255,710255,2022-08-08,DWT,2022-08-08,DWT
710256,710256,2022-08-08,DWT,2022-08-08,DWT
710257,710257,2022-08-08,DWT,2022-08-08,DWT
710258,710258,2022-08-08,DWT,2022-08-08,DWT
710259,710259,2022-08-08,DWT,2022-08-08,DWT
710260,710260,2022-08-08,DWT,2022-08-08,DWT
710261,710261,2022-08-08,DWT,2022-08-08,DWT
710262,710262,2022-08-08,DWT,2022-08-08,DWT
710263,710263,2022-08-08,DWT,2022-08-08,DWT
710264,710264,2022-08-08,DWT,2022-08-08,DWT
710265,710265,2022-08-08,DWT,2022-08-08,DWT
710266,710266,2022-08-08,DWT,2022-08-08,DWT
710267,710267,2022-08-08,DWT,2022-08-08,DWT
710268,710268,2022-08-08,DWT,2022-08-08,DWT
710269,710269,2022-08-08,DWT,2022-08-08,DWT
710270,710270,2022-08-08,DWT,2022-08-08,DWT
710271,710271,2022-08-08,DWT,2022-08-08,DWT
710272,710272,2022-08-08,DWT,2022-08-08,DWT
710273,710273,2022-08-08,DWT,2022-08-08,DWT
710274,710274,2022-08-08,DWT,2022-08-08,DWT
710275,710275,2022-08-08,DWT,2022-08-08,DWT
710276,710276,2022-08-08,DWT,2022-08-08,DWT
710277,710277,2022-08-08,DWT,2022-08-08,DWT
710278,710278,2022-08-08,DWT,2022-08-08,DWT
710279,710279,2022-08-08,DWT,2022-08-08,DWT
710280,710280,2022-08-08,DWT,2022-08-08,DWT
710281,710281,2022-08-08,DWT,2022-08-08,DWT
710282,710282,2022-08-08,DWT,2022-08-08,DWT
710283,710283,2022-08-08,DWT,2022-08-08,DWT
710284,710284,2022-08-08,DWT,2022-08-08,DWT
710285,710285,2022-08-08,DWT,2022-08-08,DWT
710286,710286,2022-08-08,DWT,2022-08-08,DWT
710287,710287,2022-08-08,DWT,2022-08-08,DWT
710288,710288,2022-08-08,DWT,2022-08-08,DWT
710289,710289,2022-08-08,DWT,2022-08-08,DWT
710290,710290,2022-08-08,DWT,2022-08-08,DWT
710291,710291,2022-08-08,DWT,2022-08-08,DWT
710292,710292,2022-08-08,DWT,2022-08-08,DWT
710293,710293,2022-08-08,DWT,2022-08-08,DWT
710294,710294,2022-08-08,DWT,2022-08-08,DWT
710295,710295,2022-08-08,DWT,2022-08-08,DWT
710296,710296,2022-08-08,DWT,2022-08-08,DWT
710297,710297,2022-08-08,DWT,2022-08-08,DWT
710298,710298,2022-08-08,DWT,2022-08-08,DWT
710299,710299,2022-08-08,DWT,2022-08-08,DWT
710300,710300,2022-08-08,DWT,2022-08-08,DWT
710301,710301,2022-08-08,DWT,2022-08-08,DWT
710302,710302,2022-08-08,DWT,2022-08-08,DWT
710303,710303,2022-08-08,DWT,2022-08-08,DWT
710304,710304,2022-08-08,DWT,2022-08-08,DWT
710305,710305,2022-08-08,DWT,2022-08-08,DWT
710306,710306,2022-08-08,DWT,2022-08-08,DWT
710307,710307,2022-08-08,DWT,2022-08-08,DWT
710308,710308,2022-08-08,DWT,2022-08-08,DWT
710309,710309,2022-08-08,DWT,2022-08-08,DWT
710310,710310,2022-08-08,DWT,2022-08-08,DWT
710311,710311,2022-08-08,DWT,2022-08-08,DWT
710312,710312,2022-08-08,DWT,2022-08-08,DWT
710313,710313,2022-08-08,DWT,2022-08-08,DWT
710314,710314,2022-08-08,DWT,2022-08-08,DWT
710315,710315,2022-08-08,DWT,2022-08-08,DWT
710316,710316,2022-08-08,DWT,2022-08-08,DWT
710317,710317,2022-08-08,DWT,2022-08-08,DWT
710318,710318,2022-08-08,DWT,2022-08-08,DWT
710319,710319,2022-08-08,DWT,2022-08-08,DWT
710320,710320,2022-08-08,DWT,2022-08-08,DWT
710321,710321,2022-08-08,DWT,2022-08-08,DWT
710322,710322,2022-08-08,DWT,2022-08-08,DWT
710323,710323,2022-08-08,DWT,2022-08-08,DWT
710324,710324,2022-08-08,DWT,2022-08-08,DWT
710326,710326,2022-08-08,DWT,2022-08-08,DWT
710327,710327,2022-08-08,DWT,2022-08-08,DWT
710329,710329,2022-08-08,DWT,2022-08-08,DWT
710330,710330,2022-08-08,DWT,2022-08-08,DWT
710335,710335,2022-08-08,DWT,2022-08-08,DWT
710336,710336,2022-08-08,DWT,2022-08-08,DWT
