,ids
0,4a30874d-ff36-4735-a3f8-db134455ed8c
1,e0e9756d-8de8-496f-ad62-cb30a7a08833
2,c4c0cc6c-729e-493c-b0ee-d4c2760c0646
3,18164347-0462-4c09-a83a-493a131e10d3
4,b4326948-7d3b-444f-8e30-5a6fbc25e60f
5,f1a79851-76dc-4d35-a235-aa23656fb850
6,60c24f79-6566-46f5-bde4-ab2ae6db7987
7,69792ebe-ad05-484c-9e97-c00b7fe46725
8,ce4d3f62-dcab-4017-b0bb-42cfe71a38d1
9,bbd5d44e-5405-42d0-b238-6df8f0df2236
10,f2b2b658-f3ca-450c-83c0-36b288a2d3ab
11,900cf85e-54e4-409f-be9a-95b7935a3f4f
12,ed7b8a98-62c3-41cd-9aae-18a611892f0f
13,725ae049-0e21-4420-8b28-464d2c7bd49c
14,99915ae1-63a7-4cb2-ac7f-dbf6aba554cd
15,273580d9-f746-49bb-83a1-880a62d5edf3
16,cf3dda42-1e87-4a3c-b996-3087b1a51be4
17,22e7b4da-b2d9-42fb-b4b4-0ba534b4024d
18,f1df8f14-4d7f-4597-8751-696ba9923feb
19,b3073dc3-22d4-49c6-b698-ba1400e01e75
20,93aa7110-d349-4a0e-9695-1afcdf81d1e9
21,60124913-7c13-4295-a8bc-7ae4e7e48df9
22,1b094542-ca6f-4869-86ae-d8f871b30b6b
23,89392ff9-17b2-43fa-aebc-70d129b2f2de
24,c8d44a52-5b3a-419b-aaa2-dcacfcc56994
25,c46ef7e8-1af0-43fa-9113-61225f3f0f47
26,2799dff5-3b9b-4e13-8244-79086d32f29d
27,16cf14eb-593b-4bf1-b52a-62ac668c0d0c
28,c26ce89e-5485-441b-9f0b-3f2ce51085f0
29,e19bdcd2-d5cb-409e-8d3a-95e34411aeef
30,82f6989e-6629-4888-8499-a5d4316a9bdb
31,cdbd0ce6-3635-4294-bd05-e015e9e414bf
32,26b96ea1-97d4-4792-b77a-3f6523b0b0bf
33,7cae61dd-4adc-4a3b-bcdf-5e9a8351faa7
34,f5ea6346-4314-4fe1-a8dc-63849b3c4d14
35,13f5767c-e31f-4dd6-82a5-0f91c6e31ee5
36,93ab01cf-3064-4566-b5f9-d6b043de8d18
37,cb2ccf89-42e2-49b2-bc67-9743cc9118d6
38,4c3bedbb-7380-4ae2-9430-750e5ed31ff6
39,a4b716e7-ea2c-4696-ae7a-ff913a530113
40,0aa30173-86e9-4cdf-9af9-3e4996a5e8a7
41,4c65c794-d212-47c9-b338-7d296cc99fad
42,d371f6f4-6c4f-441d-9b15-86180086026b
43,1438fb32-12c0-454b-8e8d-40548c76f60f
44,17901936-686c-4224-ae21-ae6f3eabce10
45,d3c5b4ef-690b-45be-8a49-0cd1dedfb6a4
46,9b703ca7-074e-4743-b0d6-7601723f8f02
47,24b9dad0-2188-4b6a-9b97-1926b9508ed1
48,7b6b2dea-fc83-4d09-8228-1085e1ac2bd2
49,d7b4d1ae-8805-47b1-a28d-9eb2616a4dfc
50,71d11e3f-5442-4147-818d-bb743be774b1
51,4066e1cc-38e1-44a0-9441-8528f8d7cbc2
52,9d7b57a1-fc65-4cea-b7bd-32d02d054797
53,d069f29b-80f9-4e6e-818a-b63e0bf63570
54,878a980d-2109-4743-9314-eac3a760ea98
55,da8c3aa4-5a2e-4a9d-a533-d0df96f13ae6
56,33ddea8f-d57e-48c4-8f8a-4ce7a29c2306
57,dabc00e9-4cba-4af9-8c76-f8398ca7190a
58,bb3be2c0-c2db-405c-9007-fb1721ed2b75
59,ffb2d4b2-bc14-4305-83ec-29f071516b0f
60,34add319-a542-423a-b402-766b403b60d9
61,ab66cff8-e39a-408f-94a9-e3bcaee8e469
62,6151316d-7673-47f8-a5bf-5f1a94b0d1f6
63,af46b825-e8fc-4edf-a750-632971de087a
64,af46b825-e8fc-4edf-a750-632971de087a
65,af46b825-e8fc-4edf-a750-632971de087a
66,d14e3fab-93fe-4b78-8468-13fe2dd54cb4
67,1a44c591-fe09-460f-b478-0f6d08a29476
68,80dea979-ea9e-4248-87fd-7c451e60d295
69,71237b0d-85c8-421b-bf80-55da07742ff8
70,1d61d42d-6541-45fd-b1f4-98a0fe09bd8b
71,4c5c120b-dfec-45c3-8589-c287e7f25e27
72,2331ffa6-ece5-4fe1-9e5c-2b3bb8b1f22e
73,faf02ea8-26e7-427d-8090-b839aa0f2305
74,336939c6-1cb5-4efe-a97a-2bbc5a6ae57b
75,4f0fa2de-cf55-426a-9dcc-721ea6383626
76,534505e5-31b2-429b-96fa-b1f50787516f
77,192adaac-ad6f-42e4-a2b6-c51f576b2b6c
78,dee5e24d-8bd5-4e5d-bdcd-855c4fe7b43a
79,3fabd56d-4556-43c1-80d5-1d47a3cf21d8
80,1c5f3514-b7e1-40df-9c73-4495470756e1
81,c90ab30f-68aa-4d4c-9ca0-9ae165f29ad8
82,c90ab30f-68aa-4d4c-9ca0-9ae165f29ad8
83,91887293-0010-43f4-8226-401426dfe187
84,9883cb62-9f54-4028-b8c9-d397164a4c20
85,dbb0d04e-01fe-4d08-90e8-0a006309ee7a
86,62645dbb-dde9-4691-bb02-fa9fe1291bd5
87,7e193721-5c64-4149-9686-0fb9e7f527bf
88,3af6d1d4-ab82-4367-a68d-47105721dd09
89,ddc71a2c-22dc-46c2-9f3b-e5ea10c1a331
90,6293c7ba-723f-437e-82f0-3edd959f10eb
91,b2ea3736-9ae8-4524-a059-4f2152447d13
92,e8ba100d-e6b4-48bd-9c11-6eca48d81ecc
93,df57e9b2-8c09-42a6-b6e9-ba9d126f0e28
94,c2090faf-6095-4751-b23b-084eb02e112a
95,3a1a7260-becc-4b0b-9c49-4320e1fe6d0a
96,54e6be5e-267f-4e13-956c-dc7d3b638db7
97,d673fe40-cc0c-4b59-9194-f3a645554c2d
98,38714804-d061-4de1-b15c-816eeb941d94
99,f7c2fbe5-f717-4236-9d82-4e238545cc35
100,03aa9dfb-be77-44c3-81b7-e99c4ec4a008
101,c941831c-f74b-4c0c-ba34-ccee4b12d891
102,1344aa6e-e37a-4c70-b175-c5879166bab1
103,d6ac617e-2bd5-4737-8e91-91728bba9c06
104,7ba51fb6-fe37-4c79-a0b6-209ee464df04
105,bc40b697-7de2-42b7-9c7d-c8d606df205d
106,21090226-d5ea-4394-8678-9248119d8f4d
107,8287b8d9-28c7-4732-8f5b-71684bb53480
108,f00b859e-7a0b-4e29-8b37-0bda0036a542
109,2c1445bb-a80b-48a3-b0f8-18f44dd3a903
110,def9eb60-06d7-4533-835a-da7f20b0168b
111,cedeab6a-9155-4158-a555-1227d9361883
112,482c6979-4a16-4963-83be-ed64f990efe0
113,88c080b7-7e25-4de6-ae37-2f383b699e21
114,86933ae8-5f39-45a9-a4ad-47933245639a
115,910d79d4-db2f-41b5-b9ed-3b34f29eca3f
116,f6469ea6-035c-4130-bd78-d69fde6dcbb9
117,4e65b6ec-9dd0-4430-a862-94b48ec1bcca
118,40162b41-9779-4804-b380-7e2147134ba7
119,5c870607-2819-46c6-b2fe-c4f0c8c0f90a
120,2266a615-cc21-48c2-8fa9-10833d10d5f8
121,eb979a39-77e4-42cf-8ef7-10db5f722925
122,3b3a3c39-5165-4051-aedb-1be6266e4139
123,47672aa9-af28-4996-9db3-8fe35062adcb
124,c153db43-9cd1-480c-ad1a-1202138b843e
125,406661e5-cd82-42ed-bd2d-f456c27b983c
126,03b2c905-db4a-42e9-bfe1-fb011ffdb88b
127,3b3b8fc3-b6ef-4aa3-9405-4ecf51788bca
128,229770c3-4958-48b3-84f8-fa68c741ce30
129,85229ef2-5ec3-4da8-9608-6dd36b7545c9
130,24083e8d-9e26-403c-856e-0551191fe5ec
131,22a40af3-3f71-4a1c-a165-54824987b6e1
132,cd413924-ea6b-4c51-99e9-fddce553e5aa
133,3dc4437f-9995-4a02-93c9-a4328835801f
134,842b8894-d555-49c2-b645-0d1291521bc8
135,0af0e4ea-e50f-403a-b190-87d8b1a301ca
136,96d06b34-833e-4201-b243-5df9e3581b0c
137,483cb66a-e619-4999-a8c2-7e0580a798df
138,ab594cc3-cbd7-481a-ba00-20c9844accca
139,7aef374d-d178-43ca-a298-6ebff17a17a8
140,d208cfc1-07a0-49fe-8c94-1833b777e382
141,0c80d3cd-144c-4f10-8d17-d3c4f5a6284c
142,e1f9b6d6-e88e-49b8-a8ad-96e23fdd2662
143,9b32c45d-4a31-4d44-8f95-73fd6f6bcbe3
144,0feddc31-af6a-48b2-9bdb-1626aa81248e
145,512b33a7-a8e9-4311-a4d7-91f575d68b14
146,e5052f0f-da08-4bf3-9ebf-c00fd6c3d7d2
147,b340465f-96e8-4f77-8c9f-44a6830ef147
148,3d93aaba-da06-473f-bfb4-6bfea1b7b27b
149,281bccfe-7bb1-4404-8c00-b9f6b8579940
150,2215c114-b127-40d2-9c64-00ba0c077f45
151,9526865d-c29b-4355-8c5c-bab523fda9a7
152,6c281960-33d4-4d93-8537-bc24eae01649
153,dbf748c5-cac8-4bd9-8f71-3ec80e3073f8
154,ab389514-a9e1-4492-b603-b8c3118d326e
155,4de704cd-4ece-46a6-8733-018cc0b9fe56
156,c985b92f-829d-4efd-b68f-04cb3a60c00d
157,49aa6a9b-da50-4543-8443-bb1030b6dda5
158,51b1293c-9366-4782-881e-8da1ee4c267f
159,74c40388-e701-4ea7-9618-67dbf7afec6a
160,0dff46d1-329b-42c4-aa1e-1f9e7c6940f0
161,ec0607ec-989e-44f5-8a30-41536625ef05
162,bb5153b3-9146-462e-8662-746cb8f55dca
163,c10a831e-1acc-47f0-9269-2d03a10b5d39
164,af073174-367c-4d6c-9abe-2bf7659637af
165,e839dc22-7bf2-4e10-b6a5-9ae6bd8c31d3
166,aa16d932-1be8-47e5-bb83-0f735c5a25d6
167,4781cd53-a60b-4161-91e7-30033f20bfe1
168,4512152d-3ed1-4776-8b3c-06ace5f6754f
169,bde0604f-61bd-4f7a-8d59-c843bb8c2862
170,ca69d5a9-3085-4bb9-9c00-bc9ba54badfe
171,edca21db-90b9-4b99-ad8a-d47165e5eb6d
172,055399b6-8a86-4052-84ac-391463eb2ae4
173,d12f9260-2449-4a51-841f-b4f9d15378b6
174,dba9102b-fcf1-4ae2-8c74-ad520a26497f
175,ca5445d6-0655-4a7c-98d2-3c5cfc494429
176,ed0eb9aa-b3cd-4f6e-b4c6-2673b1088ee5
177,25477e87-bd87-4e87-9b22-b302d68ba73a
178,1410ee1d-6673-416b-ad7c-8f79e7de8da3
179,83194c61-3109-4026-a488-aa5a5b618e17
180,7f5e7b83-861e-4d12-b5ff-81180ae18ca6
181,2d2f4af4-3215-433b-ac30-c88f429ad119
182,56a94196-e566-4b66-a8f7-c42100c3fbd3
183,b0269b37-46bd-4713-9072-eeb4f7e0f306
184,7a10bf73-4366-405d-81de-2976200cff0a
185,20fa954e-470f-4464-9cd9-4f580dd8c0b6
186,b4cd9abe-43ce-4808-97f1-9046d6630bea
187,ebf45ad2-5c66-4a96-a9a1-5b158be88dc0
188,1ccaf711-2821-4f0f-a843-89292cfa48c8
189,96564735-6791-444b-9f37-a7d6564f0c06
190,c862407b-1faa-4588-a98b-4efac6b1f4d5
191,d1d15480-e0a1-4667-91d1-1e3580cdc534
192,eed3101d-9c1e-44ca-9c0e-7c9e6692f465
193,793372be-8173-4673-bdf2-4d3614c45a75
194,9cdb995a-86c7-46bc-ad83-18b5eac5f0c2
195,99993916-c22f-47ef-8e44-e0c921e7c392
196,909a50bf-f422-4205-a6a6-a394a5de7ac6
197,a47cbb04-41d9-4a1d-9fa0-2c4bb83e4af5
198,329638cb-715b-4a09-8771-0543e0b5d492
199,87179963-bd12-41a0-a1cf-0ffda797bb23
200,ee056dfc-3e7d-4843-b2a5-4fc6643b50d0
201,223ac756-5856-4f21-92a2-82441a12831f
202,98b1ea3d-11b0-4ed5-8f6c-d38185db7195
203,e08784b4-c4ef-452c-ad15-9859a66d7529
204,835657ad-0537-472d-99ff-581620e3d8ee
205,65ffcc50-55e2-44bd-a415-585dafaee7d0
206,7683684d-f503-4477-a326-81ae8844475f
207,24aef1da-f9b9-4b3c-bc81-a08087a645fd
208,bd70c78d-06d0-4b0c-b1fc-47158f7d9c6f
209,885b7248-fc56-4b0d-ac3e-3d5e8fdbe61f
210,cbb57cea-6e8f-4078-a108-5b87248d19cd
211,2243d660-4294-456e-a8a3-797590c35c8c
212,ceea85bb-fa64-4355-93b3-ed13bc0cdc8b
213,6ff56f1f-c336-46c3-bfcd-5ae6ec6f24a0
214,53097c68-81c8-4fee-9d5e-12a4963bd0d3
215,ff2f1a52-da1b-4e40-b83c-6246ebf29151
216,15831cd2-ec42-4f3b-8584-0f267d22bb49
217,0079144d-9e02-4463-a4a8-8da8f4c25687
218,ddad3812-2c84-4098-acfa-e42485e80291
219,78747817-5043-49f5-bddf-c47a8fe3c155
220,999b6e57-1efa-4ddf-afd7-adbee3bacc78
221,1aa16bf3-9e65-4902-8847-81007c4ace33
222,912fc2ea-7fcd-495d-afa3-7d56e28e4f80
223,3c53b4e4-0fc5-4109-bba6-31df352c7a94
224,16c7578d-9c63-4d03-a658-c1c934ed2220
225,7e8fe382-1631-4059-a827-ec4a8124cbc4
226,ad88cd8e-896a-411e-a8da-47f488a8d5f3
227,d87e28fa-0f0b-4cd6-8079-812e16565afc
228,2d8d4b0c-e637-47bb-9ca5-3b6976a971a3
229,8a8dd94a-59e3-4a7f-a825-12aebc3583ff
230,e67db91a-f65a-4ee4-8fbd-1dc984ff86b0
231,334ba367-1b7c-4b5f-baf4-691895d96118
232,fd544d85-56e7-4c1b-9823-659fcd4087e9
233,b1a94e62-366f-4fe8-9765-7ebcf98ea29e
234,e9e9a3ad-e7b9-40dd-8269-14818dff0bdf
235,0b9b69c8-d10c-43a3-b5b7-59856b6c9bde
236,16ba8d52-d190-4aa6-a559-7b1365af2171
237,00d3a3b2-359d-47c3-b42c-61a2ed4de3cb
238,c5ad760b-3bb6-4e83-9882-70e7c66b292c
239,e43872db-0f89-4ac1-8d33-9d3b5465fcb2
240,dc0224f9-1d5d-405e-8374-fb58af0e7a79
241,e67a30e3-fc04-41e9-915e-9d94b31c92bc
242,db0d8de1-d75e-4e59-b338-31ee7c50ffca
243,c8768cee-ea2d-4e4c-929d-173d30077a03
244,3b1e8182-c609-4e2c-985b-2caf8b63ed0d
245,0cba061a-8250-4f86-8640-0b6b82580ff5
246,98482c10-b997-4dea-8293-c121142b8591
247,06d8e9b7-f7f7-40dd-907f-3c7a9a3a5c25
248,101bdd80-2e70-4720-826b-146b3f801743
249,41730356-ed32-4250-a3e1-8468f80d6878
250,35cf7f27-28bd-42e3-8c49-0a259b22a5c7
251,0f09cfe3-19f4-47e5-98be-3a654a5ec744
252,9f00c1f8-0bd3-4811-923f-9d83f15e1d2c
253,4d28a28c-47cc-44a7-abd3-5699b43681ed
254,6db0c671-fc78-46ae-b7df-1e6993286680
255,457719aa-d8c6-40a7-9a2e-692fbf9404a8
256,d9e9d9cf-ee5e-49ee-bffb-318ed667d3d2
257,ce6752f4-577e-4712-b36f-6a5c9419d2ea
258,b13a6c1a-cc6f-4e04-afff-449e979ecb81
259,6b354bd7-8c37-4a8d-955b-cf2928d285d6
260,54e6d3af-79f8-48a7-8873-7012f4433268
261,cd6dbf64-cad7-405b-8dad-a4eeccf9dc50
262,043bdbe2-96a2-41ce-a80a-f6c1cfdca8cf
263,cbe1d99e-1851-493b-ba6e-a425a038848c
264,162a9a08-7c57-4da6-a903-013a0a274849
265,8ed4e68b-d515-4724-ab71-089bfc343ce8
266,ba1a8f1b-f879-4851-a1ec-14b1cc3e8f67
267,163623ff-9a99-46af-8b25-09e8285fc441
268,186fc51e-e997-4319-b454-e825f02ab6bb
269,d20d771f-21be-4517-b34c-a96f45d8acdb
270,044ab664-cb8b-46de-9804-6654218ae286
271,83bb70fd-6c17-4457-a8df-581b526bc0e7
272,a9c42049-3a1f-4841-9a17-52b72a350e98
273,f148f7f6-040f-4080-b40e-3f2a3b5a5a87
274,daa0a9aa-c5e9-4aeb-abfe-4a1d481c0c69
275,f131eaa5-249c-437d-9e79-11eb7f03b4a0
276,3139e031-29d0-421c-b3ca-ebba46d598ec
277,34e8a3b4-4c27-4ae1-88dc-d2d0e0963425
278,e92be7e7-7424-4d97-a0cb-c2f0fb155792
279,bba45d85-47bd-41a7-80a9-beb1d4d2bb0d
280,00e4d753-8bf2-4292-9578-84939e850f0f
281,d879e878-89f7-4f5d-bb9a-fa400167fb1c
282,e5a54b8f-2240-4c11-866a-0e96818e5ac7
283,55f98478-455e-460b-87ac-0f2ac4e8d78c
284,455a6769-3ec0-4f17-bce3-5c01c3662169
285,73446026-5fb1-46ee-bd0c-ded2398ff7e8
286,c1591237-e22a-4210-aaa1-c2056f590a09
287,44181053-d9f7-4b3c-b279-615f4097772d
288,081e14d8-d8a6-48a4-b3bd-84ca4f777303
289,6453a9a0-9b06-40d8-94b5-ddd72d4ae0e4
290,4497e0c4-6f61-420a-8589-15b68bde577e
291,f721d878-a95e-4d1c-877e-255c4fdb346d
